customer_state,year,total_spent,state_rank
SP,2016,33771.0801281929,1
RJ,2016,26815.159982204437,2
MG,2016,11285.93994140625,3
RS,2016,9581.399949550629,4
SC,2016,5460.839912414551,5
SP,2017,5123725.819186464,1
RJ,2017,2111908.9575128406,2
MG,2017,1709783.279776223,3
RS,2017,849386.5996492207,4
PR,2017,707564.4994049929,5
SP,2018,6838957.020532496,1
RJ,2018,2150035.2608632147,2
MG,2018,2023445.300201524,3
RS,2018,922829.0795776248,4
PR,2018,909548.3201361895,5
